order,id,date,time,title,url,visitCount,typedCount,transition
0,52850,3/2/2022,14:54:13,Export Chrome History - Chrome Web Store,https://chrome.google.com/webstore/detail/export-chrome-history/dihloblpkeiddiaojbagoecedbfpifdj/related,1,0,link
1,52849,3/2/2022,14:54:02,Export Chrome History - Chrome Web Store,https://chrome.google.com/webstore/detail/export-chrome-history/dihloblpkeiddiaojbagoecedbfpifdj,2,0,link
2,52848,3/2/2022,14:53:29,export chrome histor - Google 検索,https://www.google.com/search?q=export+chrome+histor&rlz=1C1UEAD_enSG952SG952&oq=export+chrome+histor+&aqs=chrome..69i57j0i19l9.6014j0j7&sourceid=chrome&ie=UTF-8,3,0,generated
3,52849,3/2/2022,14:53:23,Export Chrome History - Chrome Web Store,https://chrome.google.com/webstore/detail/export-chrome-history/dihloblpkeiddiaojbagoecedbfpifdj,2,0,link
4,52848,3/2/2022,14:53:21,export chrome histor - Google 検索,https://www.google.com/search?q=export+chrome+histor&rlz=1C1UEAD_enSG952SG952&oq=export+chrome+histor+&aqs=chrome..69i57j0i19l9.6014j0j7&sourceid=chrome&ie=UTF-8,3,0,link
5,52848,3/2/2022,14:53:20,export chrome histor - Google 検索,https://www.google.com/search?q=export+chrome+histor&rlz=1C1UEAD_enSG952SG952&oq=export+chrome+histor+&aqs=chrome..69i57j0i19l9.6014j0j7&sourceid=chrome&ie=UTF-8,3,0,generated
6,52847,3/2/2022,14:51:47,record app use windows - Google 検索,https://www.google.com/search?q=record+app+use+windows&rlz=1C1UEAD_enSG952SG952&sxsrf=APq-WBu9HyzpvG5eFnAVLG6i74Lf_N_qrg%3A1646203901452&ei=_RMfYo2bG_WLmgfpl7CgDQ&ved=0ahUKEwjNjZi266b2AhX1heYKHekLDNQQ4dUDCA4&uact=5&oq=record+app+use+windows&gs_lcp=Cgdnd3Mtd2l6EAM6BwgAEEcQsAM6CAgAEAcQHhATOgYIABAHEB46CAgAEAcQBBAeOgQIIxAnOgQIABBDOgUIABDLAToECAAQEzoECAAQHjoICAAQBxAFEB46BggAEAUQHjoICAAQCBAHEB5KBAhBGABKBAhGGABQPVjEHWD0HmgCcAF4AYABhAWIAb4ckgEKNy4xNS4yLjUtMZgBAKABAcgBCsABAQ&sclient=gws-wiz,2,0,link
7,52847,3/2/2022,14:51:46,record app use windows - Google 検索,https://www.google.com/search?q=record+app+use+windows&rlz=1C1UEAD_enSG952SG952&sxsrf=APq-WBu9HyzpvG5eFnAVLG6i74Lf_N_qrg%3A1646203901452&ei=_RMfYo2bG_WLmgfpl7CgDQ&ved=0ahUKEwjNjZi266b2AhX1heYKHekLDNQQ4dUDCA4&uact=5&oq=record+app+use+windows&gs_lcp=Cgdnd3Mtd2l6EAM6BwgAEEcQsAM6CAgAEAcQHhATOgYIABAHEB46CAgAEAcQBBAeOgQIIxAnOgQIABBDOgUIABDLAToECAAQEzoECAAQHjoICAAQBxAFEB46BggAEAUQHjoICAAQCBAHEB5KBAhBGABKBAhGGABQPVjEHWD0HmgCcAF4AYABhAWIAb4ckgEKNy4xNS4yLjUtMZgBAKABAcgBCsABAQ&sclient=gws-wiz,2,0,form_submit
8,52846,3/2/2022,14:51:39,screentime windows - Google 検索,https://www.google.com/search?q=screentime+windows&rlz=1C1UEAD_enSG952SG952&oq=screentime+windows&aqs=chrome..69i57j0i10i19l3j0i8i10i19i30l2j0i5i10i19i30j0i8i10i19i30l2.4681j0j7&sourceid=chrome&ie=UTF-8,2,0,link
9,52846,3/2/2022,14:51:38,screentime windows - Google 検索,https://www.google.com/search?q=screentime+windows&rlz=1C1UEAD_enSG952SG952&oq=screentime+windows&aqs=chrome..69i57j0i10i19l3j0i8i10i19i30l2j0i5i10i19i30j0i8i10i19i30l2.4681j0j7&sourceid=chrome&ie=UTF-8,2,0,generated
10,52845,3/2/2022,14:46:23,in talking term - Google 検索,https://www.google.com/search?q=in+talking+term&rlz=1C1UEAD_enSG952SG952&oq=in+talking+term+&aqs=chrome..69i57j0i19j0i13i19i30j0i5i13i19i30l3j0i8i19i30l2j0i8i13i19i30l2.3843j0j4&sourceid=chrome&ie=UTF-8,2,0,link
11,52845,3/2/2022,14:46:22,in talking term - Google 検索,https://www.google.com/search?q=in+talking+term&rlz=1C1UEAD_enSG952SG952&oq=in+talking+term+&aqs=chrome..69i57j0i19j0i13i19i30j0i5i13i19i30l3j0i8i19i30l2j0i8i13i19i30l2.3843j0j4&sourceid=chrome&ie=UTF-8,2,0,generated
12,52816,3/2/2022,14:39:45,Spaghetti plots with ggplot2 and ggvis | R-bloggers,https://www.r-bloggers.com/2015/08/spaghetti-plots-with-ggplot2-and-ggvis/,1,0,reload
13,52806,3/2/2022,14:39:45,r - Adjust position and font size of legend title in ggplot2 - Stack Overflow,https://stackoverflow.com/questions/9639127/adjust-position-and-font-size-of-legend-title-in-ggplot2,1,0,reload
14,52839,3/2/2022,14:39:45,Reorder factor levels by sorting along another variable — fct_reorder • forcats,https://forcats.tidyverse.org/reference/fct_reorder.html,1,0,reload
15,52796,3/2/2022,14:39:39,Panopto Recordings,https://yale-nus.instructure.com/courses/5352/external_tools/11000,2,0,reload
16,52796,3/2/2022,14:34:25,Panopto Recordings,https://yale-nus.instructure.com/courses/5352/external_tools/11000,2,0,link
17,52840,3/2/2022,14:34:19,Midterm exam,https://yale-nus.instructure.com/courses/5352/assignments/34025,1,0,reload
18,52840,3/2/2022,14:20:32,Midterm exam,https://yale-nus.instructure.com/courses/5352/assignments/34025,1,0,link
19,52625,3/2/2022,14:20:21,Assignments: YSC2210: Data Analysis and Visualization (DAVis) with R,https://yale-nus.instructure.com/courses/5352/assignments,6,0,link
20,52796,3/2/2022,14:20:14,Panopto Recordings,https://yale-nus.instructure.com/courses/5352/external_tools/11000,2,0,reload
21,52839,3/2/2022,14:10:43,Reorder factor levels by sorting along another variable — fct_reorder • forcats,https://forcats.tidyverse.org/reference/fct_reorder.html,1,0,link
22,52838,3/2/2022,14:10:40,reorder levels in r with another variable - Google 検索,https://www.google.com/search?q=reorder+levels+in+r+with+another+variable&rlz=1C1UEAD_enSG952SG952&sxsrf=APq-WBuiB-wS54GrlEPlUav-T9Eg7ZBPcw%3A1646201362031&ei=EgofYpTKAe7hz7sPuKiPsAo&ved=0ahUKEwiUm6b74ab2AhXu8HMBHTjUA6YQ4dUDCA4&uact=5&oq=reorder+levels+in+r+with+another+variable&gs_lcp=Cgdnd3Mtd2l6EAMyBQghEKABOgcIIxCwAxAnOgcIABBHELADOgUIABDLAToECAAQHjoGCAAQCBAeOgQIIRAVOgcIIRAKEKABSgQIQRgASgQIRhgAUIcBWOoaYIwgaAFwAXgCgAHfA4gBqxSSAQoxNy4yLjEuMS4xmAEAoAEByAEKwAEB&sclient=gws-wiz,2,0,link
23,52838,3/2/2022,14:10:38,reorder levels in r with another variable - Google 検索,https://www.google.com/search?q=reorder+levels+in+r+with+another+variable&rlz=1C1UEAD_enSG952SG952&sxsrf=APq-WBuiB-wS54GrlEPlUav-T9Eg7ZBPcw%3A1646201362031&ei=EgofYpTKAe7hz7sPuKiPsAo&ved=0ahUKEwiUm6b74ab2AhXu8HMBHTjUA6YQ4dUDCA4&uact=5&oq=reorder+levels+in+r+with+another+variable&gs_lcp=Cgdnd3Mtd2l6EAMyBQghEKABOgcIIxCwAxAnOgcIABBHELADOgUIABDLAToECAAQHjoGCAAQCBAeOgQIIRAVOgcIIRAKEKABSgQIQRgASgQIRhgAUIcBWOoaYIwgaAFwAXgCgAHfA4gBqxSSAQoxNy4yLjEuMS4xmAEAoAEByAEKwAEB&sclient=gws-wiz,2,0,form_submit
24,52832,3/2/2022,14:10:31,reorder levels in r - Google 検索,https://www.google.com/search?q=reorder+levels+in+r&rlz=1C1UEAD_enSG952SG952&oq=reorder+levels+in+r+&aqs=chrome..69i57j0i19j0i19i30j0i8i19i30l3.3098j0j4&sourceid=chrome&ie=UTF-8,5,0,generated
25,52837,3/2/2022,14:10:22,r - Re-ordering factor levels in data frame - Stack Overflow,https://stackoverflow.com/questions/18413756/re-ordering-factor-levels-in-data-frame,1,0,link
26,52832,3/2/2022,14:10:15,reorder levels in r - Google 検索,https://www.google.com/search?q=reorder+levels+in+r&rlz=1C1UEAD_enSG952SG952&oq=reorder+levels+in+r+&aqs=chrome..69i57j0i19j0i19i30j0i8i19i30l3.3098j0j4&sourceid=chrome&ie=UTF-8,5,0,generated
27,52836,3/2/2022,14:09:42,How to Reorder Factor Levels in R (With Examples) - Statology,https://www.statology.org/reorder-factor-levels-in-r/,1,0,link
28,52832,3/2/2022,14:09:37,reorder levels in r - Google 検索,https://www.google.com/search?q=reorder+levels+in+r&rlz=1C1UEAD_enSG952SG952&oq=reorder+levels+in+r+&aqs=chrome..69i57j0i19j0i19i30j0i8i19i30l3.3098j0j4&sourceid=chrome&ie=UTF-8,5,0,generated
29,52835,3/2/2022,14:09:24,Changing the order of levels of a factor,http://www.cookbook-r.com/Manipulating_data/Changing_the_order_of_levels_of_a_factor/,1,0,link
30,52832,3/2/2022,14:09:21,reorder levels in r - Google 検索,https://www.google.com/search?q=reorder+levels+in+r&rlz=1C1UEAD_enSG952SG952&oq=reorder+levels+in+r+&aqs=chrome..69i57j0i19j0i19i30j0i8i19i30l3.3098j0j4&sourceid=chrome&ie=UTF-8,5,0,link
31,52832,3/2/2022,14:09:19,reorder levels in r - Google 検索,https://www.google.com/search?q=reorder+levels+in+r&rlz=1C1UEAD_enSG952SG952&oq=reorder+levels+in+r+&aqs=chrome..69i57j0i19j0i19i30j0i8i19i30l3.3098j0j4&sourceid=chrome&ie=UTF-8,5,0,generated
32,52830,3/2/2022,14:04:44,ColorBrewer: Color Advice for Maps,https://colorbrewer2.org/#type=sequential&scheme=RdPu&n=5,2,0,link
33,52829,3/2/2022,14:04:43,ColorBrewer: Color Advice for Maps,https://colorbrewer2.org/#type=sequential&scheme=GnBu&n=5,2,0,link
34,52830,3/2/2022,14:04:40,ColorBrewer: Color Advice for Maps,https://colorbrewer2.org/#type=sequential&scheme=RdPu&n=5,2,0,reload
35,52830,3/2/2022,13:45:58,ColorBrewer: Color Advice for Maps,https://colorbrewer2.org/#type=sequential&scheme=RdPu&n=5,2,0,link
36,52829,3/2/2022,13:45:55,ColorBrewer: Color Advice for Maps,https://colorbrewer2.org/#type=sequential&scheme=GnBu&n=5,2,0,link
37,52828,3/2/2022,13:45:40,ColorBrewer: Color Advice for Maps,https://colorbrewer2.org/#type=sequential&scheme=BuPu&n=5,1,0,link
38,52827,3/2/2022,13:45:22,ColorBrewer: Color Advice for Maps,https://colorbrewer2.org/#type=sequential&scheme=BuPu&n=4,1,0,link
39,52826,3/2/2022,13:45:18,ColorBrewer: Color Advice for Maps,https://colorbrewer2.org/#type=sequential&scheme=BuGn&n=4,1,0,link
40,43352,3/2/2022,13:45:13,ColorBrewer: Color Advice for Maps,https://colorbrewer2.org/#type=qualitative&scheme=Paired&n=4,2,0,link
41,43352,3/2/2022,13:45:11,ColorBrewer: Color Advice for Maps,https://colorbrewer2.org/#type=qualitative&scheme=Paired&n=4,2,0,auto_bookmark
42,52823,3/2/2022,13:37:08,Chapter 19 Visualizing two discrete variables | Data Visualization,https://stulp.gmw.rug.nl/dataviz/twodiscretevariables.html,2,0,link
43,52823,3/2/2022,13:37:02,Chapter 19 Visualizing two discrete variables | Data Visualization,https://stulp.gmw.rug.nl/dataviz/twodiscretevariables.html,2,0,link
44,52821,3/2/2022,13:36:39,two discrete variables plot - Google 検索,https://www.google.com/search?q=two+discrete+variables+plot&rlz=1C1UEAD_enSG952SG952&oq=two+discrete+variables+plot+&aqs=chrome..69i57j0i8i30.5299j0j4&sourceid=chrome&ie=UTF-8,3,0,generated
45,52822,3/2/2022,13:36:20,data visualization - What is the best way to visualize relationship between discrete and continuous variables? - Cross Validated,https://stats.stackexchange.com/questions/60856/what-is-the-best-way-to-visualize-relationship-between-discrete-and-continuous-v,1,0,link
46,52821,3/2/2022,13:36:18,two discrete variables plot - Google 検索,https://www.google.com/search?q=two+discrete+variables+plot&rlz=1C1UEAD_enSG952SG952&oq=two+discrete+variables+plot+&aqs=chrome..69i57j0i8i30.5299j0j4&sourceid=chrome&ie=UTF-8,3,0,link
47,52821,3/2/2022,13:36:17,two discrete variables plot - Google 検索,https://www.google.com/search?q=two+discrete+variables+plot&rlz=1C1UEAD_enSG952SG952&oq=two+discrete+variables+plot+&aqs=chrome..69i57j0i8i30.5299j0j4&sourceid=chrome&ie=UTF-8,3,0,generated
48,52820,3/2/2022,13:32:24,Modify components of a theme — theme • ggplot2,https://ggplot2.tidyverse.org/reference/theme.html,1,0,link
49,52819,3/2/2022,13:32:20,theme legend background - Google 検索,https://www.google.com/search?q=theme+legend+background&rlz=1C1UEAD_enSG952SG952&oq=theme+legend+background+&aqs=chrome..69i57j0i5i30j0i8i30.4624j0j4&sourceid=chrome&ie=UTF-8,2,0,link
50,52819,3/2/2022,13:32:19,theme legend background - Google 検索,https://www.google.com/search?q=theme+legend+background&rlz=1C1UEAD_enSG952SG952&oq=theme+legend+background+&aqs=chrome..69i57j0i5i30j0i8i30.4624j0j4&sourceid=chrome&ie=UTF-8,2,0,generated
51,52818,3/2/2022,13:24:50,ggplot2 - How to add legend to geom_smooth in ggplot in R - Stack Overflow,https://stackoverflow.com/questions/36276240/how-to-add-legend-to-geom-smooth-in-ggplot-in-r,1,0,link
52,52817,3/2/2022,13:24:49,add a legend for geom_smooth - Google 検索,https://www.google.com/search?q=add+a+legend+for+geom_smooth&rlz=1C1UEAD_enSG952SG952&oq=add+a+legend+for+geom_smooth&aqs=chrome..69i57.6305j0j7&sourceid=chrome&ie=UTF-8,2,0,link
53,52817,3/2/2022,13:24:47,add a legend for geom_smooth - Google 検索,https://www.google.com/search?q=add+a+legend+for+geom_smooth&rlz=1C1UEAD_enSG952SG952&oq=add+a+legend+for+geom_smooth&aqs=chrome..69i57.6305j0j7&sourceid=chrome&ie=UTF-8,2,0,generated
54,52816,3/2/2022,13:17:41,Spaghetti plots with ggplot2 and ggvis | R-bloggers,https://www.r-bloggers.com/2015/08/spaghetti-plots-with-ggplot2-and-ggvis/,1,0,link
55,52814,3/2/2022,13:16:53,spagetti plot in ggplot - Google 検索,https://www.google.com/search?q=spagetti+plot+in+ggplot&rlz=1C1UEAD_enSG952SG952&oq=spagetti+plot+in+ggplot+&aqs=chrome..69i57j0i13i30j0i8i13i30.3890j0j4&sourceid=chrome&ie=UTF-8,3,0,generated
56,52815,3/2/2022,13:16:45,How can I visualize longitudinal data in ggplot2? | R FAQ,https://stats.oarc.ucla.edu/r/faq/how-can-i-visualize-longitudinal-data-in-ggplot2/,1,0,link
57,52814,3/2/2022,13:16:43,spagetti plot in ggplot - Google 検索,https://www.google.com/search?q=spagetti+plot+in+ggplot&rlz=1C1UEAD_enSG952SG952&oq=spagetti+plot+in+ggplot+&aqs=chrome..69i57j0i13i30j0i8i13i30.3890j0j4&sourceid=chrome&ie=UTF-8,3,0,link
58,52814,3/2/2022,13:16:41,spagetti plot in ggplot - Google 検索,https://www.google.com/search?q=spagetti+plot+in+ggplot&rlz=1C1UEAD_enSG952SG952&oq=spagetti+plot+in+ggplot+&aqs=chrome..69i57j0i13i30j0i8i13i30.3890j0j4&sourceid=chrome&ie=UTF-8,3,0,generated
59,52812,3/2/2022,13:09:55,How To Reorder Boxplots in R with ggplot2 - Data Viz with Python and R,https://datavizpyr.com/reorder-boxplots-in-r-with-ggplot2/,2,0,link
60,52813,3/2/2022,13:09:41,Seaborn Archives - Data Viz with Python and R,https://datavizpyr.com/category/python/seaborn/,1,0,link
61,52812,3/2/2022,13:09:37,How To Reorder Boxplots in R with ggplot2 - Data Viz with Python and R,https://datavizpyr.com/reorder-boxplots-in-r-with-ggplot2/,2,0,link
62,52811,3/2/2022,13:09:34,ggplot sort boxplot by median - Google 検索,https://www.google.com/search?q=ggplot+sort+boxplot+by+median&rlz=1C1UEAD_enSG952SG952&oq=ggplot+&aqs=chrome.1.69i57j35i19i39l2j69i59l2j69i60l3.3977j0j7&sourceid=chrome&ie=UTF-8,2,0,link
63,52811,3/2/2022,13:09:32,ggplot sort boxplot by median - Google 検索,https://www.google.com/search?q=ggplot+sort+boxplot+by+median&rlz=1C1UEAD_enSG952SG952&oq=ggplot+&aqs=chrome.1.69i57j35i19i39l2j69i59l2j69i60l3.3977j0j7&sourceid=chrome&ie=UTF-8,2,0,generated
64,52810,3/2/2022,13:09:00,RPubs - reorder boxplot,https://rpubs.com/crazyhottommy/reorder-boxplot,1,0,link
65,52809,3/2/2022,13:08:57,ggplot sort boxplot by median - Google 検索,https://www.google.com/search?q=ggplot+sort+boxplot+by+median&rlz=1C1UEAD_enSG952SG952&oq=ggplot+sort+boxplot+by+median+&aqs=chrome..69i57j0i8i19i30.5621j0j4&sourceid=chrome&ie=UTF-8,2,0,link
66,52809,3/2/2022,13:08:56,ggplot sort boxplot by median - Google 検索,https://www.google.com/search?q=ggplot+sort+boxplot+by+median&rlz=1C1UEAD_enSG952SG952&oq=ggplot+sort+boxplot+by+median+&aqs=chrome..69i57j0i8i19i30.5621j0j4&sourceid=chrome&ie=UTF-8,2,0,generated
67,52808,3/2/2022,13:06:08,r - Remove all of x axis labels in ggplot - Stack Overflow,https://stackoverflow.com/questions/35090883/remove-all-of-x-axis-labels-in-ggplot,1,0,link
68,52807,3/2/2022,13:06:06,ggplot drop axis label - Google 検索,https://www.google.com/search?q=ggplot+drop+axis+label&rlz=1C1UEAD_enSG952SG952&oq=ggplot+drop+axis+label+&aqs=chrome..69i57.4551j0j7&sourceid=chrome&ie=UTF-8,2,0,link
69,52807,3/2/2022,13:06:05,ggplot drop axis label - Google 検索,https://www.google.com/search?q=ggplot+drop+axis+label&rlz=1C1UEAD_enSG952SG952&oq=ggplot+drop+axis+label+&aqs=chrome..69i57.4551j0j7&sourceid=chrome&ie=UTF-8,2,0,generated
70,52806,3/2/2022,13:05:59,r - Adjust position and font size of legend title in ggplot2 - Stack Overflow,https://stackoverflow.com/questions/9639127/adjust-position-and-font-size-of-legend-title-in-ggplot2,1,0,reload
71,52806,3/2/2022,12:41:24,r - Adjust position and font size of legend title in ggplot2 - Stack Overflow,https://stackoverflow.com/questions/9639127/adjust-position-and-font-size-of-legend-title-in-ggplot2,1,0,link
72,52805,3/2/2022,12:41:21,change legend title for size - Google 検索,https://www.google.com/search?q=change+legend+title+for+size&rlz=1C1UEAD_enSG952SG952&oq=change+legend+title+for+size+&aqs=chrome..69i57j0i19l5j69i60l2.5377j0j7&sourceid=chrome&ie=UTF-8,2,0,link
73,52805,3/2/2022,12:41:20,change legend title for size - Google 検索,https://www.google.com/search?q=change+legend+title+for+size&rlz=1C1UEAD_enSG952SG952&oq=change+legend+title+for+size+&aqs=chrome..69i57j0i19l5j69i60l2.5377j0j7&sourceid=chrome&ie=UTF-8,2,0,generated
74,52804,3/2/2022,12:11:13,自分の提出 - AtCoder Beginner Contest 170,https://atcoder.jp/contests/abc170/submissions/me,1,0,form_submit
75,52803,3/2/2022,12:10:14,A - Five Variables,https://atcoder.jp/contests/abc170/tasks/abc170_a,1,0,link
76,52802,3/2/2022,12:09:41,A - αlphabet,https://atcoder.jp/contests/abc171/tasks/abc171_a,1,0,link
77,52587,3/2/2022,12:09:19,AtCoder Problems,https://kenkoooo.com/atcoder/#/table/house_crows,3,0,link
78,41626,3/2/2022,12:09:14,AtCoder Problems,https://kenkoooo.com/atcoder/#/user/house_crows,3,0,auto_bookmark
,,,,,https://twitter.com/no_density_,14,0,link
,,,,,https://twitter.com/compose/tweet,6,0,link
,,,,,https://twitter.com/no_density_,14,0,link
,,,,,https://twitter.com/compose/tweet,6,0,link
,,,,,https://twitter.com/no_density_,14,0,link
,,,,,https://twitter.com/compose/tweet,6,0,link
,,,,,https://twitter.com/no_density_,14,0,link
,,,,,https://twitter.com/no_density_/status/1498806129006354433/photo/1,2,0,link
,,,,,https://twitter.com/no_density_,14,0,link
,,,,,https://twitter.com/home,100,0,reload
,,,,,https://www.r-graph-gallery.com/2d-density-plot-with-ggplot2.html#hist,1,0,reload
,,,,,https://yale-nus.instructure.com/courses/5352/external_tools/11000,2,0,link
,,,,,https://www.tutorialspoint.com/how-to-manage-top-and-bottom-spaces-of-a-bar-plot-using-ggplot2-in-r,1,0,link
,,,,,https://www.google.com/search?q=reduce+the+bttom+space+for+barplot+in+ggplot&rlz=1C1UEAD_enSG952SG952&sxsrf=APq-WBvILWyaMJTWcqvGIYEa49JBTy8_8Q%3A1646190785430&ei=weAeYtT0GYe-3LUP2IGHmAs&ved=0ahUKEwiU2f3Huqb2AhUHH7cAHdjAAbMQ4dUDCA4&uact=5&oq=reduce+the+bttom+space+for+barplot+in+ggplot&gs_lcp=Cgdnd3Mtd2l6EAM6BwgjELADECc6BwgAEEcQsANKBAhBGABKBAhGGABQ_gJY9xNgyBRoAXABeAKAAfwEiAGGEZIBBzYuNC41LTKYAQCgAQHIAQrAAQE&sclient=gws-wiz,2,0,link
,,,,,https://www.google.com/search?q=reduce+the+bttom+space+for+barplot+in+ggplot&rlz=1C1UEAD_enSG952SG952&sxsrf=APq-WBvILWyaMJTWcqvGIYEa49JBTy8_8Q%3A1646190785430&ei=weAeYtT0GYe-3LUP2IGHmAs&ved=0ahUKEwiU2f3Huqb2AhUHH7cAHdjAAbMQ4dUDCA4&uact=5&oq=reduce+the+bttom+space+for+barplot+in+ggplot&gs_lcp=Cgdnd3Mtd2l6EAM6BwgjELADECc6BwgAEEcQsANKBAhBGABKBAhGGABQ_gJY9xNgyBRoAXABeAKAAfwEiAGGEZIBBzYuNC41LTKYAQCgAQHIAQrAAQE&sclient=gws-wiz,2,0,form_submit
,,,,,https://www.google.com/search?q=reduce+the+space+on+the+left+for+barplot+in+ggplot&rlz=1C1UEAD_enSG952SG952&oq=reduce+the+space+on+the+left+for+barplot+in+ggplot+&aqs=chrome..69i57.7008j1j4&sourceid=chrome&ie=UTF-8,3,0,generated
,,,,,https://r-graphics.org/recipe-bar-graph-adjust-width,2,0,link
,,,,,https://r-graphics.org/recipe-bar-graph-adjust-width,2,0,link
,,,,,https://www.google.com/search?q=reduce+the+space+on+the+left+for+barplot+in+ggplot&rlz=1C1UEAD_enSG952SG952&oq=reduce+the+space+on+the+left+for+barplot+in+ggplot+&aqs=chrome..69i57.7008j1j4&sourceid=chrome&ie=UTF-8,3,0,link
,,,,,https://www.google.com/search?q=reduce+the+space+on+the+left+for+barplot+in+ggplot&rlz=1C1UEAD_enSG952SG952&oq=reduce+the+space+on+the+left+for+barplot+in+ggplot+&aqs=chrome..69i57.7008j1j4&sourceid=chrome&ie=UTF-8,3,0,generated
,,,,,https://statisticsglobe.com/format-number-as-percentage-in-r,1,0,link
,,,,,https://www.google.com/search?q=add+percentage+to+values+in+r&rlz=1C1UEAD_enSG952SG952&sxsrf=APq-WBvENoPtjoi4f1Y87n6pTibGILulYg%3A1646186484301&ei=9M8eYqeFEqrTz7sPqpa-qA0&ved=0ahUKEwinz4XFqqb2AhWq6XMBHSqLD9UQ4dUDCA4&uact=5&oq=add+percentage+to+values+in+r&gs_lcp=Cgdnd3Mtd2l6EAM6BwgAEEcQsAM6BggAEAcQHjoECAAQHjoICAAQBxAFEB46BggAEAgQHjoECCEQCkoECEEYAEoECEYYAFCRAVjSEGDrFGgBcAF4AYAB3AGIAeIGkgEGMTAuMC4xmAEAoAEByAEKwAEB&sclient=gws-wiz,3,0,form_submit
,,,,,https://stackoverflow.com/questions/7145826/how-to-format-a-number-as-percentage-in-r,1,0,link
,,,,,https://www.google.com/search?q=add+percentage+to+values+in+r&rlz=1C1UEAD_enSG952SG952&sxsrf=APq-WBvENoPtjoi4f1Y87n6pTibGILulYg%3A1646186484301&ei=9M8eYqeFEqrTz7sPqpa-qA0&ved=0ahUKEwinz4XFqqb2AhWq6XMBHSqLD9UQ4dUDCA4&uact=5&oq=add+percentage+to+values+in+r&gs_lcp=Cgdnd3Mtd2l6EAM6BwgAEEcQsAM6BggAEAcQHjoECAAQHjoICAAQBxAFEB46BggAEAgQHjoECCEQCkoECEEYAEoECEYYAFCRAVjSEGDrFGgBcAF4AYAB3AGIAeIGkgEGMTAuMC4xmAEAoAEByAEKwAEB&sclient=gws-wiz,3,0,link
,,,,,https://www.google.com/search?q=add+percentage+to+values+in+r&rlz=1C1UEAD_enSG952SG952&sxsrf=APq-WBvENoPtjoi4f1Y87n6pTibGILulYg%3A1646186484301&ei=9M8eYqeFEqrTz7sPqpa-qA0&ved=0ahUKEwinz4XFqqb2AhWq6XMBHSqLD9UQ4dUDCA4&uact=5&oq=add+percentage+to+values+in+r&gs_lcp=Cgdnd3Mtd2l6EAM6BwgAEEcQsAM6BggAEAcQHjoECAAQHjoICAAQBxAFEB46BggAEAgQHjoECCEQCkoECEEYAEoECEYYAFCRAVjSEGDrFGgBcAF4AYAB3AGIAeIGkgEGMTAuMC4xmAEAoAEByAEKwAEB&sclient=gws-wiz,3,0,form_submit
,,,,,https://www.google.com/search?q=add+%25+to+values+in+r&rlz=1C1UEAD_enSG952SG952&oq=add+%25+to+values+in+r+&aqs=chrome..69i57j0i30j0i8i30l6.3923j0j4&sourceid=chrome&ie=UTF-8,2,0,link
,,,,,https://www.google.com/search?q=add+%25+to+values+in+r&rlz=1C1UEAD_enSG952SG952&oq=add+%25+to+values+in+r+&aqs=chrome..69i57j0i30j0i8i30l6.3923j0j4&sourceid=chrome&ie=UTF-8,2,0,generated
,,,,,https://www.rdocumentation.org/packages/base/versions/3.6.2/topics/Round,2,0,link
,,,,,https://www.rdocumentation.org/packages/base/versions/3.6.2/topics/Round,2,0,link
,,,,,https://www.google.com/search?q=round+to+decimal+point+1+in+r&rlz=1C1UEAD_enSG952SG952&oq=round+to+decimal+point+1+in+r&aqs=chrome..69i57.6170j0j7&sourceid=chrome&ie=UTF-8,2,0,link
,,,,,https://www.google.com/search?q=round+to+decimal+point+1+in+r&rlz=1C1UEAD_enSG952SG952&oq=round+to+decimal+point+1+in+r&aqs=chrome..69i57.6170j0j7&sourceid=chrome&ie=UTF-8,2,0,generated
,,,,,https://stackoverflow.com/questions/6644997/showing-data-values-on-stacked-bar-chart-in-ggplot2,1,0,link
,,,,,https://www.google.com/search?q=add+numbers+on+barplot+in+ggplot&rlz=1C1UEAD_enSG952SG952&oq=add+numbers+on+barplot+in+ggplot+&aqs=chrome..69i57j33i160.4553j0j4&sourceid=chrome&ie=UTF-8,2,0,link
,,,,,https://www.google.com/search?q=add+numbers+on+barplot+in+ggplot&rlz=1C1UEAD_enSG952SG952&oq=add+numbers+on+barplot+in+ggplot+&aqs=chrome..69i57j33i160.4553j0j4&sourceid=chrome&ie=UTF-8,2,0,generated
,,,,,https://www.geeksforgeeks.org/how-to-change-the-order-of-bars-in-bar-chart-in-r/,1,0,link
,,,,,https://www.google.com/search?q=rearrange+y+axis+barplot+ggplot&rlz=1C1UEAD_enSG952SG952&sxsrf=APq-WBsLgjJj12iZeWPITav9MtoJ0sc6ew%3A1646185487233&ei=D8weYsrmDeWE4t4P4KmkoAk&ved=0ahUKEwiKqs3ppqb2AhVlgtgFHeAUCZQQ4dUDCA4&uact=5&oq=rearrange+y+axis+barplot+ggplot&gs_lcp=Cgdnd3Mtd2l6EAM6BwgjELADECc6BwgAEEcQsAM6BAgjECdKBAhBGABKBAhGGABQjQJYsw1g4hdoAXABeACAAfwCiAHcCJIBBzIuMy4xLjGYAQCgAQHIAQrAAQE&sclient=gws-wiz,4,0,form_submit
,,,,,https://stackoverflow.com/questions/5208679/order-bars-in-ggplot2-bar-graph,1,0,link
,,,,,https://www.google.com/search?q=rearrange+y+axis+barplot+ggplot&rlz=1C1UEAD_enSG952SG952&sxsrf=APq-WBsLgjJj12iZeWPITav9MtoJ0sc6ew%3A1646185487233&ei=D8weYsrmDeWE4t4P4KmkoAk&ved=0ahUKEwiKqs3ppqb2AhVlgtgFHeAUCZQQ4dUDCA4&uact=5&oq=rearrange+y+axis+barplot+ggplot&gs_lcp=Cgdnd3Mtd2l6EAM6BwgjELADECc6BwgAEEcQsAM6BAgjECdKBAhBGABKBAhGGABQjQJYsw1g4hdoAXABeACAAfwCiAHcCJIBBzIuMy4xLjGYAQCgAQHIAQrAAQE&sclient=gws-wiz,4,0,form_submit
,,,,,https://www.tutorialspoint.com/how-to-change-the-y-axis-values-in-a-bar-plot-using-ggplot2-in-r,1,0,link
,,,,,https://www.google.com/search?q=rearrange+y+axis+barplot+ggplot&rlz=1C1UEAD_enSG952SG952&sxsrf=APq-WBsLgjJj12iZeWPITav9MtoJ0sc6ew%3A1646185487233&ei=D8weYsrmDeWE4t4P4KmkoAk&ved=0ahUKEwiKqs3ppqb2AhVlgtgFHeAUCZQQ4dUDCA4&uact=5&oq=rearrange+y+axis+barplot+ggplot&gs_lcp=Cgdnd3Mtd2l6EAM6BwgjELADECc6BwgAEEcQsAM6BAgjECdKBAhBGABKBAhGGABQjQJYsw1g4hdoAXABeACAAfwCiAHcCJIBBzIuMy4xLjGYAQCgAQHIAQrAAQE&sclient=gws-wiz,4,0,link
,,,,,https://www.google.com/search?q=rearrange+y+axis+barplot+ggplot&rlz=1C1UEAD_enSG952SG952&sxsrf=APq-WBsLgjJj12iZeWPITav9MtoJ0sc6ew%3A1646185487233&ei=D8weYsrmDeWE4t4P4KmkoAk&ved=0ahUKEwiKqs3ppqb2AhVlgtgFHeAUCZQQ4dUDCA4&uact=5&oq=rearrange+y+axis+barplot+ggplot&gs_lcp=Cgdnd3Mtd2l6EAM6BwgjELADECc6BwgAEEcQsAM6BAgjECdKBAhBGABKBAhGGABQjQJYsw1g4hdoAXABeACAAfwCiAHcCJIBBzIuMy4xLjGYAQCgAQHIAQrAAQE&sclient=gws-wiz,4,0,form_submit
,,,,,https://www.google.com/search?q=rearrange+y+axis+ggplot&rlz=1C1UEAD_enSG952SG952&oq=rearrange+y+axis+ggplot+&aqs=chrome..69i57.7881j1j9&sourceid=chrome&ie=UTF-8,4,0,generated
,,,,,https://stackoverflow.com/questions/12774210/how-do-you-specifically-order-ggplot2-x-axis-instead-of-alphabetical-order,1,0,link
,,,,,https://www.google.com/search?q=rearrange+y+axis+ggplot&rlz=1C1UEAD_enSG952SG952&oq=rearrange+y+axis+ggplot+&aqs=chrome..69i57.7881j1j9&sourceid=chrome&ie=UTF-8,4,0,generated
,,,,,https://www.r-graph-gallery.com/267-reorder-a-variable-in-ggplot2.html,2,0,link
,,,,,https://www.google.com/search?q=horizontal+barplot+ggplto&rlz=1C1UEAD_enSG952SG952&oq=horizontal+barplot+ggplto+&aqs=chrome..69i57j0i10i19j0i19i30j0i8i13i19i30j0i8i19i30l2.5411j0j4&sourceid=chrome&ie=UTF-8,3,0,generated
,,,,,https://www.datanovia.com/en/blog/how-to-create-a-ggplot-horizontal-bar-chart/,1,0,link
,,,,,https://www.google.com/search?q=horizontal+barplot+ggplto&rlz=1C1UEAD_enSG952SG952&oq=horizontal+barplot+ggplto+&aqs=chrome..69i57j0i10i19j0i19i30j0i8i13i19i30j0i8i19i30l2.5411j0j4&sourceid=chrome&ie=UTF-8,3,0,link
,,,,,https://www.google.com/search?q=horizontal+barplot+ggplto&rlz=1C1UEAD_enSG952SG952&oq=horizontal+barplot+ggplto+&aqs=chrome..69i57j0i10i19j0i19i30j0i8i13i19i30j0i8i19i30l2.5411j0j4&sourceid=chrome&ie=UTF-8,3,0,generated
,,,,,https://www.r-graph-gallery.com/267-reorder-a-variable-in-ggplot2.html,2,0,link
,,,,,https://www.google.com/search?q=rearrange+y+axis+ggplot&rlz=1C1UEAD_enSG952SG952&oq=rearrange+y+axis+ggplot+&aqs=chrome..69i57.7881j1j9&sourceid=chrome&ie=UTF-8,4,0,link
,,,,,https://www.google.com/search?q=rearrange+y+axis+ggplot&rlz=1C1UEAD_enSG952SG952&oq=rearrange+y+axis+ggplot+&aqs=chrome..69i57.7881j1j9&sourceid=chrome&ie=UTF-8,4,0,generated
,,,,,https://www.google.com/search?q=ggplot+bar+chart+with+two+variables&rlz=1C1UEAD_enSG952SG952&oq=bar+chart+ggplot+two+&aqs=chrome.2.69i57j0i30j0i8i30l5.6654j0j7&sourceid=chrome&ie=UTF-8,3,0,generated
,,,,,https://stackoverflow.com/questions/42820677/ggplot-bar-plot-side-by-side-using-two-variables,1,0,link
,,,,,https://www.google.com/search?q=ggplot+bar+chart+with+two+variables&rlz=1C1UEAD_enSG952SG952&oq=bar+chart+ggplot+two+&aqs=chrome.2.69i57j0i30j0i8i30l5.6654j0j7&sourceid=chrome&ie=UTF-8,3,0,link
,,,,,https://www.google.com/search?q=ggplot+bar+chart+with+two+variables&rlz=1C1UEAD_enSG952SG952&oq=bar+chart+ggplot+two+&aqs=chrome.2.69i57j0i30j0i8i30l5.6654j0j7&sourceid=chrome&ie=UTF-8,3,0,generated
,,,,,https://yale-nus.instructure.com/courses/5352/discussion_topics/45770,2,0,link
,,,,,https://yale-nus.instructure.com/courses/5352/announcements,3,0,link
,,,,,https://yale-nus.instructure.com/courses/5352/announcements,3,0,link
,,,,,https://yale-nus.instructure.com/courses/5352,4,0,link
,,,,,https://yale-nus.instructure.com/,7,0,reload
,,,,,http://lacey.se/2015/11/24/exponential-notation-for-tick-labels-in-ggplot2/,1,0,link
,,,,,https://www.google.com/search?q=ggplot+axis+labels+exponential&rlz=1C1UEAD_enSG952SG952&oq=ggplot+axis+expon&aqs=chrome.2.69i57j0i19j0i8i19i30l2.8373j0j9&sourceid=chrome&ie=UTF-8,3,0,generated
,,,,,https://statisticsglobe.com/change-formatting-of-numbers-of-ggplot2-plot-axis-in-r,1,0,link
,,,,,https://www.google.com/search?q=ggplot+axis+labels+exponential&rlz=1C1UEAD_enSG952SG952&oq=ggplot+axis+expon&aqs=chrome.2.69i57j0i19j0i8i19i30l2.8373j0j9&sourceid=chrome&ie=UTF-8,3,0,link
,,,,,https://www.google.com/search?q=ggplot+axis+labels+exponential&rlz=1C1UEAD_enSG952SG952&oq=ggplot+axis+expon&aqs=chrome.2.69i57j0i19j0i8i19i30l2.8373j0j9&sourceid=chrome&ie=UTF-8,3,0,generated
,,,,,https://www.google.com/search?q=remove+legend+title+ggplot2&rlz=1C1UEAD_enSG952SG952&oq=remove+legend+title+&aqs=chrome.0.0i19j69i57j0i19l8.2086j0j4&sourceid=chrome&ie=UTF-8,2,0,link
,,,,,https://www.google.com/search?q=remove+legend+title+ggplot2&rlz=1C1UEAD_enSG952SG952&oq=remove+legend+title+&aqs=chrome.0.0i19j69i57j0i19l8.2086j0j4&sourceid=chrome&ie=UTF-8,2,0,generated
,,,,,https://www.google.com/search?q=factor+r+recode&rlz=1C1UEAD_enSG952SG952&oq=factor+r+recode&aqs=chrome..69i57j0i8i30l4.7208j0j7&sourceid=chrome&ie=UTF-8,2,0,link
,,,,,https://www.google.com/search?q=factor+r+recode&rlz=1C1UEAD_enSG952SG952&oq=factor+r+recode&aqs=chrome..69i57j0i8i30l4.7208j0j7&sourceid=chrome&ie=UTF-8,2,0,generated
,,,,,https://www.statology.org/ggplot2-legend-size/,1,0,link
,,,,,https://www.google.com/search?q=size+of+the+legend+in+ggplot&rlz=1C1UEAD_enSG952SG952&oq=size+of+the+legend+in+ggplot+&aqs=chrome..69i57.3907j0j4&sourceid=chrome&ie=UTF-8,2,0,link
,,,,,https://www.google.com/search?q=size+of+the+legend+in+ggplot&rlz=1C1UEAD_enSG952SG952&oq=size+of+the+legend+in+ggplot+&aqs=chrome..69i57.3907j0j4&sourceid=chrome&ie=UTF-8,2,0,generated
,,,,,"https://www.r-graph-gallery.com/239-custom-layout-legend-ggplot2.html#:~:text=You%20can%20place%20the%20legend,the%20x%20and%20y%20coordinates.",1,0,link
,,,,,https://www.google.com/search?q=place+legend+on+right+in+ggplot&rlz=1C1UEAD_enSG952SG952&oq=place+legend+on+right+in+ggplot+&aqs=chrome..69i57j33i160.8001j0j4&sourceid=chrome&ie=UTF-8,2,0,link
,,,,,https://www.google.com/search?q=place+legend+on+right+in+ggplot&rlz=1C1UEAD_enSG952SG952&oq=place+legend+on+right+in+ggplot+&aqs=chrome..69i57j33i160.8001j0j4&sourceid=chrome&ie=UTF-8,2,0,generated
,,,,,http://zevross.com/blog/2019/04/02/easy-multi-panel-plots-in-r-using-facet_wrap-and-facet_grid-from-ggplot2/,1,0,link
,,,,,https://www.google.com/search?q=facet+wrap+arrange+plots&rlz=1C1UEAD_enSG952SG952&oq=facet+wrap+arrange+plots+&aqs=chrome..69i57.7639j0j4&sourceid=chrome&ie=UTF-8,2,0,link
,,,,,https://www.google.com/search?q=facet+wrap+arrange+plots&rlz=1C1UEAD_enSG952SG952&oq=facet+wrap+arrange+plots+&aqs=chrome..69i57.7639j0j4&sourceid=chrome&ie=UTF-8,2,0,generated
,,,,,https://bookdown.org/Maxine/ggplot2-maps/posts/2019-11-27-using-scales-package-to-modify-ggplot2-scale/,1,0,link
,,,,,https://www.google.com/search?q=scale_y_log10+remove+.00+when+labels+%3D+dollar+&rlz=1C1UEAD_enSG952SG952&sxsrf=APq-WBvuQKt2bnwVLsS7dEO4JLMFTpTIQg%3A1646180008013&ei=qLYeYpg79tvPuw-ErorABA&ved=0ahUKEwiYr_S0kqb2AhX27XMBHQSXAkgQ4dUDCA4&uact=5&oq=scale_y_log10+remove+.00+when+labels+%3D+dollar+&gs_lcp=Cgdnd3Mtd2l6EAM6BwgjELADECc6BQghEKABOgQIIRAVSgQIQRgBSgQIRhgAUK8BWO0gYJgiaABwAHgBgAHrBYgB7hiSAQsxMS4xMC4xLjYtMZgBAKABAcgBAcABAQ&sclient=gws-wiz,3,0,form_submit
,,,,,https://ggplot2.tidyverse.org/reference/scale_continuous.html,1,0,link
,,,,,https://www.google.com/search?q=scale_y_log10+remove+.00+when+labels+%3D+dollar+&rlz=1C1UEAD_enSG952SG952&sxsrf=APq-WBvuQKt2bnwVLsS7dEO4JLMFTpTIQg%3A1646180008013&ei=qLYeYpg79tvPuw-ErorABA&ved=0ahUKEwiYr_S0kqb2AhX27XMBHQSXAkgQ4dUDCA4&uact=5&oq=scale_y_log10+remove+.00+when+labels+%3D+dollar+&gs_lcp=Cgdnd3Mtd2l6EAM6BwgjELADECc6BQghEKABOgQIIRAVSgQIQRgBSgQIRhgAUK8BWO0gYJgiaABwAHgBgAHrBYgB7hiSAQsxMS4xMC4xLjYtMZgBAKABAcgBAcABAQ&sclient=gws-wiz,3,0,link
,,,,,https://www.google.com/search?q=scale_y_log10+remove+.00+when+labels+%3D+dollar+&rlz=1C1UEAD_enSG952SG952&sxsrf=APq-WBvuQKt2bnwVLsS7dEO4JLMFTpTIQg%3A1646180008013&ei=qLYeYpg79tvPuw-ErorABA&ved=0ahUKEwiYr_S0kqb2AhX27XMBHQSXAkgQ4dUDCA4&uact=5&oq=scale_y_log10+remove+.00+when+labels+%3D+dollar+&gs_lcp=Cgdnd3Mtd2l6EAM6BwgjELADECc6BQghEKABOgQIIRAVSgQIQRgBSgQIRhgAUK8BWO0gYJgiaABwAHgBgAHrBYgB7hiSAQsxMS4xMC4xLjYtMZgBAKABAcgBAcABAQ&sclient=gws-wiz,3,0,form_submit
,,,,,https://www.google.com/search?q=scale_y_log10+remove+.00&rlz=1C1UEAD_enSG952SG952&oq=scale&aqs=chrome.0.69i59j69i57j0i512l8.1657j0j7&sourceid=chrome&ie=UTF-8,2,0,link
,,,,,https://www.google.com/search?q=scale_y_log10+remove+.00&rlz=1C1UEAD_enSG952SG952&oq=scale&aqs=chrome.0.69i59j69i57j0i512l8.1657j0j7&sourceid=chrome&ie=UTF-8,2,0,generated
,,,,,https://stackoverflow.com/questions/50690198/axis-labels-with-comma-but-no-decimals-ggplot,1,0,link
,,,,,https://www.google.com/search?q=scale_y_log10+remove+.00&rlz=1C1UEAD_enSG952SG952&oq=scale_y_log10+remove+.00&aqs=chrome..69i57.8600j0j7&sourceid=chrome&ie=UTF-8,2,0,link
,,,,,https://www.google.com/search?q=scale_y_log10+remove+.00&rlz=1C1UEAD_enSG952SG952&oq=scale_y_log10+remove+.00&aqs=chrome..69i57.8600j0j7&sourceid=chrome&ie=UTF-8,2,0,generated
,,,,,https://www.google.com/search?q=ggplot+axis+float+to+int&rlz=1C1UEAD_enSG952SG952&oq=ggplot+axis+float+to+int+&aqs=chrome..69i57.6518j0j7&sourceid=chrome&ie=UTF-8,3,0,generated
,,,,,https://stackoverflow.com/questions/15622001/how-to-display-only-integer-values-on-an-axis-using-ggplot2,1,0,link
,,,,,https://www.google.com/search?q=ggplot+axis+float+to+int&rlz=1C1UEAD_enSG952SG952&oq=ggplot+axis+float+to+int+&aqs=chrome..69i57.6518j0j7&sourceid=chrome&ie=UTF-8,3,0,link
,,,,,https://www.google.com/search?q=ggplot+axis+float+to+int&rlz=1C1UEAD_enSG952SG952&oq=ggplot+axis+float+to+int+&aqs=chrome..69i57.6518j0j7&sourceid=chrome&ie=UTF-8,3,0,generated
,,,,,http://www.sthda.com/english/wiki/be-awesome-in-ggplot2-a-practical-guide-to-be-highly-effective-r-software-and-data-visualization,1,0,link
,,,,,https://www.google.com/search?q=heatmap+around+a+line+of+best+fit+in+ggplot&rlz=1C1UEAD_enSG952SG952&oq=heatmap+around+a+line+of+best+fit+in+ggplot&aqs=chrome..69i57.6777j0j4&sourceid=chrome&ie=UTF-8,3,0,generated
,,,,,https://jcoliver.github.io/learn-r/006-heatmaps.html,1,0,link
,,,,,https://www.google.com/search?q=heatmap+around+a+line+of+best+fit+in+ggplot&rlz=1C1UEAD_enSG952SG952&oq=heatmap+around+a+line+of+best+fit+in+ggplot&aqs=chrome..69i57.6777j0j4&sourceid=chrome&ie=UTF-8,3,0,link
,,,,,https://www.google.com/search?q=heatmap+around+a+line+of+best+fit+in+ggplot&rlz=1C1UEAD_enSG952SG952&oq=heatmap+around+a+line+of+best+fit+in+ggplot&aqs=chrome..69i57.6777j0j4&sourceid=chrome&ie=UTF-8,3,0,generated
,,,,,https://www.r-graph-gallery.com/2d-density-plot-with-ggplot2.html#hist,1,0,link
,,,,,https://www.r-graph-gallery.com/2d-density-chart.html,1,0,link
,,,,,https://www.r-graph-gallery.com/79-levelplot-with-ggplot2.html,1,0,link
,,,,,https://www.google.com/search?q=ggplot+heatmap&source=lmns&bih=569&biw=1280&rlz=1C1UEAD_enSG952SG952&hl=ja&sa=X&ved=2ahUKEwiUuK2Vjqb2AhW-yaACHRS8DrwQ_AUoAHoECAEQAA,2,0,link
,,,,,https://www.google.com/search?q=ggplot+heatmap&source=lmns&bih=569&biw=1280&rlz=1C1UEAD_enSG952SG952&hl=ja&sa=X&ved=2ahUKEwiUuK2Vjqb2AhW-yaACHRS8DrwQ_AUoAHoECAEQAA,2,0,link
,,,,,https://themockup.blog/posts/2020-08-28-heatmaps-in-ggplot2/,1,0,link
,,,,,https://www.google.com/search?q=ggplot+heatmap&rlz=1C1UEAD_enSG952SG952&sxsrf=APq-WBvJpaJXp9vtiPIWEp8EabxrVwvvGw:1646178864480&source=lnms&tbm=isch&sa=X&ved=2ahUKEwiI09CTjqb2AhWB7nMBHZz8BY4Q_AUoAXoECAEQAw&biw=1280&bih=569&dpr=1.5#imgrc=F5K6XWq5Jong_M,1,0,link
,,,,,https://www.google.com/search?q=ggplot+heatmap&rlz=1C1UEAD_enSG952SG952&sxsrf=APq-WBvJpaJXp9vtiPIWEp8EabxrVwvvGw:1646178864480&source=lnms&tbm=isch&sa=X&ved=2ahUKEwiI09CTjqb2AhWB7nMBHZz8BY4Q_AUoAXoECAEQAw&biw=1280&bih=569&dpr=1.5,2,0,link
,,,,,https://www.google.com/search?q=ggplot+heatmap&rlz=1C1UEAD_enSG952SG952&sxsrf=APq-WBvJpaJXp9vtiPIWEp8EabxrVwvvGw:1646178864480&source=lnms&tbm=isch&sa=X&ved=2ahUKEwiI09CTjqb2AhWB7nMBHZz8BY4Q_AUoAXoECAEQAw&biw=1280&bih=569&dpr=1.5,2,0,link
,,,,,https://www.google.com/search?q=ggplot+heatmap&rlz=1C1UEAD_enSG952SG952&oq=ggplot+heatmap+&aqs=chrome..69i57j0i19l9.2510j0j7&sourceid=chrome&ie=UTF-8,2,0,link
,,,,,https://www.google.com/search?q=ggplot+heatmap&rlz=1C1UEAD_enSG952SG952&oq=ggplot+heatmap+&aqs=chrome..69i57j0i19l9.2510j0j7&sourceid=chrome&ie=UTF-8,2,0,generated
,,,,,https://yale-nus.instructure.com/,7,0,auto_bookmark
,,,,,https://web.whatsapp.com/,18,0,link
,,,,,https://web.whatsapp.com/,18,0,auto_bookmark
,,,,,https://twitter.com/home,100,0,auto_bookmark
,,,,,https://twitter.com/no_density_/status/1498806129006354433/photo/1,2,0,link
,,,,,https://web.whatsapp.com/,18,0,link
,,,,,https://web.whatsapp.com/,18,0,auto_bookmark
,,,,,https://web.telegram.org/#/im,1,0,auto_bookmark
,,,,,https://twitter.com/home,100,0,link
,,,,,https://twitter.com/home,100,0,auto_bookmark
,,,,,https://web.whatsapp.com/,18,0,link
,,,,,https://web.whatsapp.com/,18,0,auto_bookmark
,,,,,https://twitter.com/home,100,0,link
,,,,,https://twitter.com/home,100,0,link
,,,,,https://twitter.com/rararaoko/status/1498432956796260353,2,0,link
,,,,,https://twitter.com/rararaoko/status/1498432956796260353/retweets/with_comments,1,0,link
,,,,,https://twitter.com/rararaoko/status/1498432956796260353,2,0,link
,,,,,https://twitter.com/home,100,0,link
,,,,,https://twitter.com/notifications,2,0,link
,,,,,https://twitter.com/home,100,0,link
,,,,,https://twitter.com/home,100,0,link
,,,,,https://twitter.com/no_density_,14,0,link
,,,,,https://twitter.com/no_density_/header_photo,1,0,link
,,,,,https://twitter.com/no_density_,14,0,link
,,,,,https://twitter.com/compose/tweet,6,0,link
,,,,,https://twitter.com/no_density_,14,0,link
,,,,,https://twitter.com/no_density_/photo,1,0,link
,,,,,https://twitter.com/no_density_,14,0,link
,,,,,https://www.google.com/search?q=economics&rlz=1C1UEAD_enSG952SG952&oq=economics+&aqs=chrome..69i57j0i271l2j69i60l4.1316j0j7&sourceid=chrome&ie=UTF-8,2,0,link
,,,,,https://www.google.com/search?q=economics&rlz=1C1UEAD_enSG952SG952&oq=economics+&aqs=chrome..69i57j0i271l2j69i60l4.1316j0j7&sourceid=chrome&ie=UTF-8,2,0,generated
,,,,,https://eow.alc.co.jp/search?q=get+caught+up,1,0,link
,,,,,https://eow.alc.co.jp/search?q=have+second+thought,1,0,link
,,,,,https://www.google.com/search?q=have+a+second+though&rlz=1C1UEAD_enSG952SG952&oq=have+a+second+though&aqs=chrome..69i57j0i512j0i30l8.3299j0j7&sourceid=chrome&ie=UTF-8,2,0,link
,,,,,https://www.google.com/search?q=have+a+second+though&rlz=1C1UEAD_enSG952SG952&oq=have+a+second+though&aqs=chrome..69i57j0i512j0i30l8.3299j0j7&sourceid=chrome&ie=UTF-8,2,0,generated
,,,,,https://app.grammarly.com/ddocs/1505598514,1,0,link
,,,,,https://app.grammarly.com/docs/1505598514,1,0,link
,,,,,https://app.grammarly.com/,1,0,link
,,,,,https://www.grammarly.com/signin?fromExtension=true&utm_medium=internal&utm_source=signinHook&allowUtmParams=true,1,0,link
,,,,,https://www.grammarly.com/social/redirect?state=k4Gbc0TlGCwkYwWBpswWdiqYdi570U&code=4%2F0AX4XfWi3EXJE_KalMLeK5bC-pTaTQZIJWu_-dBQoZN5Z7d6Sdb3SMV8nXYgojKunogJIIQ&scope=email+profile+https%3A%2F%2Fwww.googleapis.com%2Fauth%2Fuserinfo.email+https%3A%2F%2Fwww.googleapis.com%2Fauth%2Fuserinfo.profile+openid&authuser=0&prompt=consent,1,0,link
,,,,,https://accounts.google.com/o/oauth2/v2/auth/oauthchooseaccount?client_id=913728339568-tjccmfojammmqs9q0kunokb507mpjqum.apps.googleusercontent.com&redirect_uri=https%3A%2F%2Fwww.grammarly.com%2Fsocial%2Fredirect&response_type=code&state=k4Gbc0TlGCwkYwWBpswWdiqYdi570U&scope=email%20profile%20openid&prompt=select_account&nonce=LPjfidPpWQNnCUkaFWk5YM2cPswS5a&flowName=GeneralOAuthFlow,1,0,link
,,,,,https://accounts.google.com/o/oauth2/v2/auth?client_id=913728339568-tjccmfojammmqs9q0kunokb507mpjqum.apps.googleusercontent.com&redirect_uri=https%3A%2F%2Fwww.grammarly.com%2Fsocial%2Fredirect&response_type=code&state=k4Gbc0TlGCwkYwWBpswWdiqYdi570U&scope=email%20profile%20openid&prompt=select_account&nonce=LPjfidPpWQNnCUkaFWk5YM2cPswS5a,2,0,link
,,,,,https://accounts.google.com/o/oauth2/v2/auth?client_id=913728339568-tjccmfojammmqs9q0kunokb507mpjqum.apps.googleusercontent.com&redirect_uri=https%3A%2F%2Fwww.grammarly.com%2Fsocial%2Fredirect&response_type=code&state=k4Gbc0TlGCwkYwWBpswWdiqYdi570U&scope=email%20profile%20openid&prompt=select_account&nonce=LPjfidPpWQNnCUkaFWk5YM2cPswS5a,2,0,link
,,,,,https://www.grammarly.com/signin?utm_medium=internal&utm_source=signinHook&fromExtension=true,1,0,link
,,,,,https://www.deepl.com/translator,23,1,link
,,,,,https://www.deepl.com/translator#en/ja/My%20phrasing%20wasn't%20nice.%20I%20apologize%20for%20that.%20%0ACould%20we%20settle%20this%3F%20If%20you're%20having%20a%20second%20thought%20then%20can%20let%20me%20know.%20I'm%20fine%20either%20way.,1,0,link
,,,,,https://www.deepl.com/translator,23,1,link
,,,,,https://www.deepl.com/translator#en/ja/My%20phrasing%20wasn't%20nice.%20I%20apologize%20for%20that.%20%0ACould%20we%20settle%20this%3F%20If%20you're%20having%20a%20second%20thought%20then%20can%20let%20me%20know.,2,0,link
,,,,,https://www.deepl.com/translator#en/ja/My%20phrasing%20wasn't%20nice.%20I%20apologize%20for%20that.%20%0ACould%20we%20settle%20this%3F%20If%20you're%20having%20a%20second%20thought%20then%20can%20let%20me%20know.,2,0,link
,,,,,https://www.deepl.com/translator,23,1,link
,,,,,https://www.deepl.com/translator#en/ja/My%20phrasing%20wasn't%20nice.%20I%20apologize%20for%20that.%20%0ACould%20we%20settle%20this%3F%20If%20you're%20having%20a%20second%20thought%20then%20can%20let%20me%20know%20so%20that%20I%20can,2,0,link
,,,,,https://twitter.com/home,100,0,link
,,,,,https://www.deepl.com/translator#en/ja/My%20phrasing%20wasn't%20nice.%20I%20apologize%20for%20that.%20%0ACould%20we%20settle%20this%3F%20If%20you're%20having%20a%20second%20thought%20then%20can%20let%20me%20know%20so%20that%20I%20can,2,0,link
,,,,,https://www.deepl.com/translator,23,1,link
,,,,,https://www.deepl.com/translator#en/ja/My%20phrasing%20wasn't%20nice.%20I%20apologize%20for%20that.%20%0A,1,0,link
,,,,,https://www.deepl.com/translator,23,1,link
,,,,,https://www.deepl.com/translator#en/ja/My%20phrasing%20wasn't%20niceI%20apologize%20for%20that.,2,0,link
,,,,,https://www.deepl.com/translator#en/ja/My%20phrasing%20wasn't%20niceI%20apologize%20for%20that.,2,0,link
,,,,,https://www.deepl.com/translator#en/ja/My%20phrasing%20wasn't%20nice%2C%20I%20apologize%20for%20that.,2,0,link
,,,,,https://www.deepl.com/translator#en/ja/My%20phrasing%20wasn't%20nice%2C%20I%20apologize%20for%20that.,2,0,link
,,,,,https://www.deepl.com/translator,23,1,link
,,,,,https://www.deepl.com/translator,23,1,typed
,,,,,https://web.whatsapp.com/,18,0,link
,,,,,https://web.whatsapp.com/,18,0,auto_bookmark
,,,,,https://twitter.com/uHbYm0VJeh5n9nl/status/1498570964300623873,1,0,link
,,,,,https://atcoder.jp/contests/abc172/submissions/me,1,0,reload
,,,,,https://atcoder.jp/contests/abc172/tasks/abc172_a,1,0,link
,,,,,https://kenkoooo.com/atcoder/#/table/house_crows,3,0,link
,,,,,https://kenkoooo.com/atcoder/#/user/house_crows,3,0,auto_bookmark
,,,,,https://yale-nus.instructure.com/courses/5352/assignments,6,0,link
,,,,,https://yale-nus.instructure.com/courses/5352/assignments/34006,1,0,link
,,,,,https://twitter.com/home,100,0,link
,,,,,https://twitter.com/compose/tweet/schedule,1,0,link
,,,,,https://twitter.com/home,100,0,link
,,,,,https://twitter.com/Acacia__bump/status/1498556518618177537,2,0,link
,,,,,https://twitter.com/compose/tweet,6,0,link
,,,,,https://twitter.com/Acacia__bump/status/1498556518618177537,2,0,link
,,,,,https://twitter.com/home,100,0,link
,,,,,https://twitter.com/home,100,0,auto_bookmark
,,,,,https://delimited-continuation.github.io/YSC1212/2021-2022_Sem2/midterm-project_statement-and-expectations.html#expectations,1,0,reload
,,,,,https://track.toggl.com/timer,6,0,reload
,,,,,https://mothership.sg/2022/03/march-2022-first-2-weeks-weather/,1,0,auto_toplevel
,,,,,https://my.bible.com/bible/59/LUK.15.esv,1,0,link
,,,,,https://my.bible.com/en-GB/bible/1/LUK.15.KJV,1,0,link
,,,,,https://my.bible.com/en-GB/bible/1/GEN.1.KJV,1,0,link
,,,,,https://my.bible.com/en-GB/moments,2,0,form_submit
,,,,,https://accounts.google.com/signin/oauth/consent?authuser=0&part=AJi8hAPGi1wK9NXCM3o1URfw3ZvrRD0NGMzf5da9BxYoe31XGfQi5WPSFMUbP5nhnwM15PTSQyimaWzQXhigjohQE8YzO4PiPLekk0keGOqDzUesa485HQlPdGp1lk7WgyHEV8BzGHxbbVwo25X-6C2nL_1Hx3gDsPtLLuiwBaWgdFzc0uTLGZJpisytMQgyo7d8jFAM0zN1fWZAT0v1iSuzqNv-MOysMP8W7XK9SU6kP_wXhqLagjY_-UcPfWMiztqQ8_iUU60wl91X5sdc8KzPaellaKW9NqNkKWkLQyvoM4fcNJt6riMryVKlPLbJfFM5LQy5p0ULRzEzNpBZWhlL3d7ExhKdeclb7z1MJ3i9Xl5GrcAi6z_6fjtlChR7V1oAmZYdrPIYaqd_jQrpfPMu8jjSdAmtnLDtkv5kxrp_WsyD4oEGFjiYRGCb6Q36BoZKaQqM2W2IOEn7wooPHd9KUh-9767nqA&as=S-485912594%3A1646137300860653&pli=1&rapt=AEjHL4Nr59dYZ30gCwdqKEDkaZW9_O48dlRzWjiaawnToeg_Rk-bc-RD-nbIXBZwpS1nP6n-mwDom5GaivkBAWpJMr4ePCGt0w#,2,0,link
,,,,,https://accounts.google.com/signin/oauth/consent?authuser=0&part=AJi8hAPGi1wK9NXCM3o1URfw3ZvrRD0NGMzf5da9BxYoe31XGfQi5WPSFMUbP5nhnwM15PTSQyimaWzQXhigjohQE8YzO4PiPLekk0keGOqDzUesa485HQlPdGp1lk7WgyHEV8BzGHxbbVwo25X-6C2nL_1Hx3gDsPtLLuiwBaWgdFzc0uTLGZJpisytMQgyo7d8jFAM0zN1fWZAT0v1iSuzqNv-MOysMP8W7XK9SU6kP_wXhqLagjY_-UcPfWMiztqQ8_iUU60wl91X5sdc8KzPaellaKW9NqNkKWkLQyvoM4fcNJt6riMryVKlPLbJfFM5LQy5p0ULRzEzNpBZWhlL3d7ExhKdeclb7z1MJ3i9Xl5GrcAi6z_6fjtlChR7V1oAmZYdrPIYaqd_jQrpfPMu8jjSdAmtnLDtkv5kxrp_WsyD4oEGFjiYRGCb6Q36BoZKaQqM2W2IOEn7wooPHd9KUh-9767nqA&as=S-485912594%3A1646137300860653&pli=1&rapt=AEjHL4Nr59dYZ30gCwdqKEDkaZW9_O48dlRzWjiaawnToeg_Rk-bc-RD-nbIXBZwpS1nP6n-mwDom5GaivkBAWpJMr4ePCGt0w#,2,0,link
,,,,,https://accounts.google.com/o/oauth2/auth/oauthchooseaccount?redirect_uri=storagerelay%3A%2F%2Fhttps%2Fmy.bible.com%3Fid%3Dauth382134&response_type=permission%20id_token&scope=email%20profile%20openid&openid.realm&include_granted_scopes=true&client_id=201895780642-g4oj7hm4p3h81eg7b1di2l2l93k5gcm3.apps.googleusercontent.com&ss_domain=https%3A%2F%2Fmy.bible.com&fetch_basic_profile=true&gsiwebsdk=2&flowName=GeneralOAuthFlow,1,0,link
,,,,,https://accounts.google.com/o/oauth2/auth?redirect_uri=storagerelay%3A%2F%2Fhttps%2Fmy.bible.com%3Fid%3Dauth382134&response_type=permission%20id_token&scope=email%20profile%20openid&openid.realm=&include_granted_scopes=true&client_id=201895780642-g4oj7hm4p3h81eg7b1di2l2l93k5gcm3.apps.googleusercontent.com&ss_domain=https%3A%2F%2Fmy.bible.com&fetch_basic_profile=true&gsiwebsdk=2,2,0,link
,,,,,https://accounts.google.com/o/oauth2/auth?redirect_uri=storagerelay%3A%2F%2Fhttps%2Fmy.bible.com%3Fid%3Dauth382134&response_type=permission%20id_token&scope=email%20profile%20openid&openid.realm=&include_granted_scopes=true&client_id=201895780642-g4oj7hm4p3h81eg7b1di2l2l93k5gcm3.apps.googleusercontent.com&ss_domain=https%3A%2F%2Fmy.bible.com&fetch_basic_profile=true&gsiwebsdk=2,2,0,link
,,,,,https://my.bible.com/en-GB/moments,2,0,auto_bookmark
,,,,,https://my.bible.com/en-GB/sign-in?redirect=%2Fmoments,1,0,auto_bookmark
,,,,,https://yale-nus.instructure.com/courses/5352/assignments,6,0,link
,,,,,https://yale-nus.instructure.com/courses/5352/discussion_topics/45726,1,0,reload
,,,,,https://calendar.google.com/calendar/u/0/r/week/2022/3/8?pli=1,2,0,link
,,,,,https://calendar.google.com/calendar/u/0/r/week/2022/3/15?pli=1,9,0,link
,,,,,https://calendar.google.com/calendar/u/0/r/week/2022/3/15?pli=1,9,0,link
,,,,,https://calendar.google.com/calendar/u/0/r/week/2022/3/15?pli=1,9,0,link
,,,,,https://calendar.google.com/calendar/u/0/r/week/2022/3/15?pli=1,9,0,link
,,,,,https://calendar.google.com/calendar/u/0/r/week/2022/3/15?pli=1,9,0,link
,,,,,https://calendar.google.com/calendar/u/0/r/eventedit/M3Vlamd0djdjaGM4a3Zpa2U4aDNnM3E5YzZfMjAyMjAzMTJUMjMzMDAwWiBzaHVuYXJ1bmFAbQ?pli=1,3,0,link
,,,,,https://calendar.google.com/calendar/u/0/r/eventedit/M3Vlamd0djdjaGM4a3Zpa2U4aDNnM3E5YzZfMjAyMjAzMTJUMjMzMDAwWiBzaHVuYXJ1bmFAbQ?pli=1,3,0,link
,,,,,https://calendar.google.com/calendar/u/0/r/eventedit/M3Vlamd0djdjaGM4a3Zpa2U4aDNnM3E5YzZfMjAyMjAzMTJUMjMzMDAwWiBzaHVuYXJ1bmFAbQ?pli=1,3,0,link
,,,,,https://calendar.google.com/calendar/u/0/r/week/2022/3/15?pli=1,9,0,link
,,,,,https://calendar.google.com/calendar/u/0/r/week/2022/3/15?pli=1,9,0,link
,,,,,https://calendar.google.com/calendar/u/0/r/week/2022/3/15?pli=1,9,0,link
,,,,,https://calendar.google.com/calendar/u/0/r/week/2022/3/15?pli=1,9,0,link
,,,,,https://calendar.google.com/calendar/u/0/r/week/2022/3/8?pli=1,2,0,link
,,,,,https://calendar.google.com/calendar/u/0/r/week?pli=1,2,0,link
,,,,,https://calendar.google.com/calendar/u/0/r/week?pli=1,2,0,auto_bookmark
,,,,,https://www.google.com/search?q=aaaa&rlz=1C1UEAD_enSG952SG952&oq=aaaa&aqs=chrome..69i57j35i39j0i512j0i131i433j0i433i512j69i60l3.777j0j9&sourceid=chrome&ie=UTF-8,2,0,link
,,,,,https://www.google.com/search?q=aaaa&rlz=1C1UEAD_enSG952SG952&oq=aaaa&aqs=chrome..69i57j35i39j0i512j0i131i433j0i433i512j69i60l3.777j0j9&sourceid=chrome&ie=UTF-8,2,0,generated
,,,,,https://track.toggl.com/timer,6,0,reload
,,,,,https://www.google.com/search?q=cafe+agora+yale+nus&rlz=1C1UEAD_enSG952SG952&oq=cafe+agora+yale+nus+&aqs=chrome..69i57j0i4i512l3j0i4i30j0i30l5.2899j0j7&sourceid=chrome&ie=UTF-8,5,0,link
,,,,,https://www.google.com/search?q=cafe+agora+yale+nus&rlz=1C1UEAD_enSG952SG952&oq=cafe+agora+yale+nus+&aqs=chrome..69i57j0i4i512l3j0i4i30j0i30l5.2899j0j7&sourceid=chrome&ie=UTF-8,5,0,generated
,,,,,https://www.google.com/maps/uv?pb=!1s0x31da1af4f828479b%3A0x5914ba9183411830!3m1!7e115!4shttps%3A%2F%2Flh5.googleusercontent.com%2Fp%2FAF1QipPHXKI3q5BsA1JMxBO8ZXfRLxQSLCo-glASA1ZB%3Dw319-h240-k-no!5scafe%20agora%20yale%20nus%20-%20Google%20%E6%A4%9C%E7%B4%A2!15sCgIgAQ&imagekey=!1e10!2sAF1QipPHXKI3q5BsA1JMxBO8ZXfRLxQSLCo-glASA1ZB&hl=ja&sa=X&ved=2ahUKEwjzm4L57aT2AhXE4mEKHRYJB7YQoip6BAgQEAM,1,0,link
,,,,,https://www.google.com/maps/uv?pb=!1s0x31da1af4f828479b:0x5914ba9183411830!3m1!7e115!4shttps://lh5.googleusercontent.com/p/AF1QipPHXKI3q5BsA1JMxBO8ZXfRLxQSLCo-glASA1ZB%3Dw319-h240-k-no!5scafe+agora+yale+nus+-+Google+%E6%A4%9C%E7%B4%A2!15zQ2dJZ0FRPT0&imagekey=!1e10!2sAF1QipPHXKI3q5BsA1JMxBO8ZXfRLxQSLCo-glASA1ZB&hl=ja&sa=X&ved=2ahUKEwjzm4L57aT2AhXE4mEKHRYJB7YQoip6BAgQEAM,1,0,link
,,,,,https://www.google.com/search?q=cafe+agora+yale+nus&rlz=1C1UEAD_enSG952SG952&oq=cafe+agora+yale+nus+&aqs=chrome..69i57j0i4i512l3j0i4i30j0i30l5.2899j0j7&sourceid=chrome&ie=UTF-8,5,0,link
,,,,,https://www.google.com/search?q=cafe+agora+yale+nus&rlz=1C1UEAD_enSG952SG952&oq=cafe+agora+yale+nus+&aqs=chrome..69i57j0i4i512l3j0i4i30j0i30l5.2899j0j7&sourceid=chrome&ie=UTF-8,5,0,link
,,,,,https://www.google.com/search?q=cafe+agora+yale+nus&rlz=1C1UEAD_enSG952SG952&oq=cafe+agora+yale+nus+&aqs=chrome..69i57j0i4i512l3j0i4i30j0i30l5.2899j0j7&sourceid=chrome&ie=UTF-8,5,0,generated
,,,,,https://stackoverflow.com/questions/40675778/center-plot-title-in-ggplot2,1,0,link
,,,,,https://www.google.com/search?q=centre+the+title+in+ggplot&rlz=1C1UEAD_enSG952SG952&oq=centre+the+title+in+ggplot+&aqs=chrome.0.0i19j0i5i19i30j0i8i19i30.3829j0j4&sourceid=chrome&ie=UTF-8,2,0,link
,,,,,https://www.google.com/search?q=centre+the+title+in+ggplot&rlz=1C1UEAD_enSG952SG952&oq=centre+the+title+in+ggplot+&aqs=chrome.0.0i19j0i5i19i30j0i8i19i30.3829j0j4&sourceid=chrome&ie=UTF-8,2,0,generated
,,,,,https://stackoverflow.com/questions/28993483/meaning-of-o-in-r,1,0,link
,,,,,https://www.google.com/search?q=%25o%25+in+r&rlz=1C1UEAD_enSG952SG952&oq=%25o%25+in+r&aqs=chrome..69i57j0i4i512l3j0i131i433l3j69i65.1781j0j4&sourceid=chrome&ie=UTF-8,2,0,link
,,,,,https://www.google.com/search?q=%25o%25+in+r&rlz=1C1UEAD_enSG952SG952&oq=%25o%25+in+r&aqs=chrome..69i57j0i4i512l3j0i131i433l3j69i65.1781j0j4&sourceid=chrome&ie=UTF-8,2,0,generated
,,,,,https://yale-nus.instructure.com/courses/5352/discussion_topics/45726,1,0,link
,,,,,https://yale-nus.instructure.com/courses/5352/announcements,3,0,link
,,,,,https://yale-nus.instructure.com/courses/5352,4,0,link
,,,,,https://yale-nus.instructure.com/,7,0,link
,,,,,https://www.youtube.com/post/UgkxDNv-uLBZZOz66m0EAL3uvPDvKRVeba3d,1,0,link
,,,,,https://www.youtube.com/,31,0,link
,,,,,https://www.youtube.com/watch?v=VD9JzDooHkE,1,0,link
,,,,,https://www.youtube.com/,31,0,link
,,,,,https://www.youtube.com/watch?v=LT_jWIHy2AQ,1,0,link
,,,,,https://www.youtube.com/,31,0,link
,,,,,https://www.youtube.com/watch?v=6oEsrXGRAfY,1,0,link
,,,,,https://www.youtube.com/,31,0,link
,,,,,https://www.youtube.com/watch?v=_kZSpGB7OOY,1,0,link
,,,,,https://www.youtube.com/,31,0,link
,,,,,https://www.youtube.com/post/UgkxZnzX18bKOLviR28jz0vHjsBXQeVZn6w-,1,0,link
,,,,,https://www.youtube.com/,31,0,link
,,,,,https://www.youtube.com/watch?v=hSzq8qmLoZE,1,0,link
,,,,,https://www.youtube.com/,31,0,link
,,,,,https://www.youtube.com/watch?v=VQM1LbA7w4o,1,0,link
,,,,,https://www.youtube.com/,31,0,link
,,,,,https://www.youtube.com/watch?v=Ly0VD6qN2HY,1,0,link
,,,,,https://www.youtube.com/watch?v=c_rB4HpoQn8,1,0,link
,,,,,https://www.youtube.com/,31,0,link
,,,,,https://yale-nus.instructure.com/courses/5352/assignments/34003,1,0,link
,,,,,https://outlook.office365.com/mail/inbox/id/AAQkADZjNTY0NzY0LTEwOGItNDc2OC05NTYzLWE2YzI1YTFhNzA2MAAQAND68mS0uBNLoKbaBIdbFOQ%3D,1,0,link
,,,,,https://outlook.office365.com/mail/inbox/id/AAQkADZjNTY0NzY0LTEwOGItNDc2OC05NTYzLWE2YzI1YTFhNzA2MAAQAA9bWfd%2F5rNJhb9YkNmzf9Y%3D,1,0,link
,,,,,https://outlook.office365.com/mail/,9,0,auto_bookmark
,,,,,https://www.youtube.com/watch?v=0J5g9akomb4,1,0,link
,,,,,https://cran.r-project.org/web/packages/kableExtra/vignettes/awesome_table_in_html.html#Table_Styles,1,0,reload
,,,,,https://twitter.com/home,100,0,link
,,,,,https://twitter.com/search?q=Ukrainian&src=trend_click&vertical=trends,1,0,link
,,,,,https://twitter.com/home,100,0,link
,,,,,https://twitter.com/TaTo19144669/status/1498561412335300610,1,0,link
,,,,,https://twitter.com/home,100,0,link
,,,,,https://twitter.com/home,100,0,link
,,,,,https://twitter.com/sibainutktjt,1,0,link
,,,,,https://twitter.com/Mogi_mogita/status/1498503596199280640,1,0,link
,,,,,https://www.youtube.com/watch?v=yyOSPXOFwM8,1,0,link
,,,,,https://www.youtube.com/watch?v=xmc_i8WvmPs,1,0,link
,,,,,https://www.youtube.com/,31,0,link
,,,,,https://www.youtube.com/post/Ugkxk8xfFOy133HiXC__LVhyB9BMHWBoKzhp,1,0,link
,,,,,https://www.youtube.com/,31,0,link
,,,,,https://www.youtube.com/watch?v=KrWyAGjiIIw,1,0,link
,,,,,https://www.youtube.com/,31,0,link
,,,,,https://www.youtube.com/watch?v=BruBnfWva5I,1,0,link
,,,,,https://www.youtube.com/watch?v=cZmQIaYPf5U,1,0,link
,,,,,https://www.youtube.com/,31,0,link
,,,,,https://yale-nus.instructure.com/courses/5352/assignments,6,0,link
,,,,,https://twitter.com/home,100,0,auto_bookmark
,,,,,https://jobs.atcoder.jp/users/profile,3,0,link
,,,,,https://jobs.atcoder.jp/users/profile/edit,1,0,link
,,,,,https://jobs.atcoder.jp/users/profile/skill/edit?st=500,3,0,form_submit
,,,,,https://jobs.atcoder.jp/users/profile/skill/edit?st=500,3,0,form_submit
,,,,,https://jobs.atcoder.jp/users/profile/skill/edit?st=500,3,0,link
,,,,,https://jobs.atcoder.jp/users/profile,3,0,link
,,,,,https://jobs.atcoder.jp/users/profile/skill/edit?st=100,1,0,link
,,,,,https://jobs.atcoder.jp/users/profile,3,0,link
,,,,,https://jobs.atcoder.jp/info/tutorial,1,0,link
,,,,,https://jobs.atcoder.jp/home,2,0,form_submit
,,,,,https://jobs.atcoder.jp/users/register/,1,0,link
,,,,,https://jobs.atcoder.jp/home,2,0,form_submit
,,,,,https://jobs.atcoder.jp/login,1,0,link
,,,,,https://jobs.atcoder.jp/,1,0,link
,,,,,https://www.google.com/search?q=atcoder+jobs&rlz=1C1UEAD_enSG952SG952&oq=%E3%81%82%EF%BD%94%E3%81%93%E3%81%A7%EF%BD%92%E3%81%98%E3%82%87%EF%BD%82%EF%BD%93&aqs=chrome.1.69i57j0i10i19j0i4i19i30l2.3429j0j7&sourceid=chrome&ie=UTF-8,2,0,link
,,,,,https://www.google.com/search?q=atcoder+jobs&rlz=1C1UEAD_enSG952SG952&oq=%E3%81%82%EF%BD%94%E3%81%93%E3%81%A7%EF%BD%92%E3%81%98%E3%82%87%EF%BD%82%EF%BD%93&aqs=chrome.1.69i57j0i10i19j0i4i19i30l2.3429j0j7&sourceid=chrome&ie=UTF-8,2,0,generated
,,,,,https://twitter.com/chokudai/status/1498557791170031617/photo/1,1,0,link
,,,,,https://twitter.com/home,100,0,link
,,,,,https://twitter.com/home,100,0,auto_bookmark
,,,,,https://www.youtube.com/watch?v=LCDuqwmknU8,1,0,link
,,,,,https://www.youtube.com/,31,0,link
,,,,,https://track.toggl.com/timer,6,0,reload
,,,,,https://web.whatsapp.com/,18,0,reload
,,,,,https://www.youtube.com/watch?v=JixQUfK7dh0,1,0,link
,,,,,https://www.youtube.com/results?search_query=%E7%AB%9C%E3%81%A8%E3%81%9D%E3%81%B0%E3%81%8B%E3%81%99%E3%81%AE%E5%A7%AB,1,0,link
,,,,,https://delimited-continuation.github.io/YSC1212/2021-2022_Sem2/midterm-project_statement-and-expectations.html#expectations,1,0,reload
,,,,,file:///E:/Academics/DaVis/Midterm%20Prep/factors_cheatsheet.pdf,1,0,link
,,,,,file:///E:/Academics/DaVis/Midterm%20Prep/factors_tasks.pdf,1,0,link
,,,,,https://yale-nus.instructure.com/courses/5352/assignments/34002,1,0,link
,,,,,https://yale-nus.instructure.com/courses/5352/assignments,6,0,link
,,,,,file:///E:/Academics/DaVis/Midterm%20Prep/lessons05to08b.pdf,1,0,link
,,,,,https://yale-nus.instructure.com/courses/5352/assignments/34001,1,0,link
,,,,,https://yale-nus.instructure.com/courses/5352/grades,1,0,link
,,,,,https://yale-nus.instructure.com/courses/5352/assignments/34017,1,0,reload
,,,,,https://www.youtube.com/watch?v=Z2PGK-Fp9i4&list=PLHcdRWJmo20EV3agnYvZ96By-AP2kjDB8&index=6,1,0,link
,,,,,https://www.youtube.com/watch?v=xR2MzZYh608&list=PLHcdRWJmo20EV3agnYvZ96By-AP2kjDB8&index=5,1,0,link
,,,,,https://web.whatsapp.com/,18,0,link
,,,,,https://web.whatsapp.com/,18,0,auto_bookmark
,,,,,https://www.youtube.com/watch?v=wwLop6C8PYs&list=PLHcdRWJmo20EV3agnYvZ96By-AP2kjDB8&index=4,1,0,link
,,,,,https://www.youtube.com/watch?v=PsTlMj3ZU1U&list=PLHcdRWJmo20EV3agnYvZ96By-AP2kjDB8&index=3,1,0,link
,,,,,https://www.youtube.com/watch?v=dL8UISsS2PY&list=PLHcdRWJmo20EV3agnYvZ96By-AP2kjDB8&index=2,1,0,link
,,,,,https://atcoder.jp/users/house_crows/history,4,0,reload
,,,,,https://www.youtube.com/watch?v=tfzkT9CjLPw&list=PLHcdRWJmo20EV3agnYvZ96By-AP2kjDB8,1,0,link
,,,,,https://www.youtube.com/channel/UCWum0XIZ4QEbnjtt7cxQC-Q,1,0,link
,,,,,https://www.youtube.com/results?search_query=%E3%83%8F%E3%82%A4%E3%82%B9%E3%82%AF%E3%83%BC%E3%83%AB%E3%83%90%E3%83%B3%E3%83%90%E3%83%B3,1,0,link
,,,,,https://www.youtube.com/results?search_query=%E3%83%8F%E3%82%A4%E3%82%B9%E3%82%AF%E3%83%BC%E3%83%AB,1,0,link
,,,,,https://www.youtube.com/watch?v=dFf4AgBNR1E&list=RDyegBF2yoTDo&index=12,2,0,link
,,,,,https://www.youtube.com/watch?v=dFf4AgBNR1E&list=RDyegBF2yoTDo&index=12,2,0,link
,,,,,https://www.youtube.com/watch?v=dFf4AgBNR1E&list=RDyegBF2yoTDo&index=11,1,0,reload
,,,,,https://www.youtube.com/watch?v=dFf4AgBNR1E&list=RDyegBF2yoTDo&index=11,1,0,link
,,,,,https://www.youtube.com/watch?v=dy90tA3TT1c&list=RDyegBF2yoTDo&index=10,1,0,link
,,,,,https://yale-nus.instructure.com/courses/5352/assignments/34017,1,0,link
,,,,,https://yale-nus.instructure.com/courses/5352/assignments,6,0,link
,,,,,https://yale-nus.instructure.com/courses/5352,4,0,link
,,,,,https://www.youtube.com/watch?v=O_DLtVuiqhI&list=RDyegBF2yoTDo&index=9,1,0,link
,,,,,https://www.youtube.com/watch?v=ony539T074w&list=RDyegBF2yoTDo&index=8,1,0,link
